k,n_k,n_k_plus1,j_start,j_end,critical_value_95,critical_value_99,mean,std,adjustment_factor,penalty_factor
1,141,200,59,100,123.67500022463177,130.01456414304627,84.26266293617435,4.75568572919063,1.3293793251414088,0.25
2,200,282,82,141,157.06490718727892,160.75755256187654,112.95825150435587,4.362876852527027,1.2943525056288687,0.25
3,282,400,118,200,205.84392696066814,210.3658333376778,155.47292532221385,4.605035801526294,1.255282277186673,0.25
4,400,565,165,283,267.89065741725335,273.4180096455078,213.40948484185594,4.684099756132272,1.2081386527894244,0.25
5,565,800,235,400,350.3376880971815,355.5629779070831,296.28474110260925,4.999470341140163,1.147433458830053,0.25
6,800,1131,331,566,421.2250628520786,426.89734912521357,411.70099685788153,4.9221169649834415,1.0,0.25
